Abu///N/A///Male///0192857643///193 A Jalan Sri Pelangi Taman Pelangi///abu@gmail.com///N/A///
Jelly///N/A///Female///0165748392///Jalan Camar 4/3, Kota Damansara///Jelly123@gmail.com///N/A///
Portyman///N/A///Male///0142857643///193 A Jalan Sri Pelangi Taman Pelangi///Porty@gmail.com///N/A///
Poply///N/A///Female///01982878756///A 109 Jln Meranti Merah Taman Kebun Teh///poply@gmail.com///N/A///
LaiKer///N/A///Male///0124589321///71 Jln Raja Musa Mahadi Hillview Estate///laikeke@gmail.com///N/A///
Wei Loon///N/A///Male///01746482934///1284A, Lrg Keranji 6A Off Jalan Keranji, Kuching///wl123@gmail.com///N/A///
Persek///N/A///Male///0132163386///L1 9B 156 Jalan Ampang Avenue K///persek@gmail.com///N/A///
Muly///N/A///Female///0175846321///suite 408 & 410, 4th floor medical specialist floor menara kh menara promet, kl///muly@gmail.com///N/A///
Jc///N/A///Male///0175647231///Jalan Merdeka, Kampung Air///jc@gmail.com///N/A///
boy///N/A///Female///0156837485///44-46 Jalan Petaling Utama 3 Taman Petaling Utama///boy135@gmail.com///N/A///
